Time,Exp Distance,Measured Time Diff,Temperature,Derived k_B,Derived k_B Error
1.55726926,1.7,0.004823,295.54999999999995,1.3924897243602874,0.006720710115576174
2.5647942639999997,1.7,0.0048,295.56,1.4058329418692066,0.00678633253630521
3.5723880690000005,1.7,0.004829,295.56,1.3889809092083383,0.006703361797300667
4.580021495,1.7,0.004807,295.56,1.401737270475337,0.006766164843526384
