Time,Exp Distance,Measured Time Diff,Temperature,Derived k_B,Derived k_B Error
3.2501549360000004,1.7,0.004802,295.54999999999995,1.4047084492039972,0.006780870986237263
4.257570382,1.7,0.004830999999999999,295.54999999999995,1.3878768314763388,0.006698001828988519
5.2654062,1.7,0.004829,295.54999999999995,1.3890279056864037,0.006703668113852879
6.273070790000001,1.7,0.004828,295.54999999999995,1.389603979302323,0.006706503949185379
7.280704351,1.7,0.004801,295.54999999999995,1.405294295775648,0.0067837558860996214
8.288223305999999,1.7,0.004823,295.54999999999995,1.3924897243602874,0.006720710115576174
9.299871038,1.7,0.004823,295.54999999999995,1.3924897243602874,0.006720710115576174
10.30750084,1.7,0.004802,295.54999999999995,1.4047084492039972,0.006780870986237263
