Time,Exp Distance,Measured Time Diff,Temperature,Derived k_B,Derived k_B Error
3.250842025,1.7,0.004802,295.54999999999995,1.4047084492039972,0.006780870986237263
4.258225948,1.7,0.004809,295.53999999999996,1.400665142827225,0.006761036981141323
5.265759452,1.7,0.004808,295.54999999999995,1.4012010427569537,0.0067636001157867
6.273593706,1.7,0.004802,295.54999999999995,1.4047084492039972,0.006780870986237263
7.285294178999999,1.7,0.004824,295.53999999999996,1.391958954668221,0.00671817226673217
8.291543328,1.7,0.004824,295.54999999999995,1.3919118574273255,0.006717865278597793
9.300462996,1.7,0.004801,295.56,1.4052467489392768,0.006783445928808219
