Time,Exp Distance,Measured Time Diff,Temperature,Derived k_B,Derived k_B Error
1.5562738780000003,1.7,0.004801,295.57,1.405199205320204,0.006783135997932878
2.5639647489999997,1.7,0.004808,295.56,1.401153634412023,0.006763291074733704
3.571241588,1.7,0.004807,295.57,1.401689845592214,0.006765855698180116
4.583126747,1.7,0.004830999999999999,295.57,1.3877829195886993,0.006697389737164586
5.590628422,1.7,0.004824,295.57,1.3918176725061608,0.006717251380820094
