Time,Exp Distance,Measured Time Diff,Temperature,Derived k_B,Derived k_B Error
3.249509474,1.7,0.004823,295.57,1.3923955003372563,0.006720095959153576
4.256783347,1.7,0.00483,295.57,1.3883582390233804,0.006700221724962709
5.268403916,1.7,0.0048059999999999995,295.58,1.4022263848208292,0.0067684219159899394
6.276001114,1.7,0.004804999999999999,295.58,1.4028107103573453,0.006771299083621566
7.283621694999999,1.7,0.0047989999999999994,295.57,1.4063719179875143,0.006788910790756506
8.29212534,1.7,0.004848,295.58,1.3780102717474678,0.00664921514989894
