Time,Exp Distance,Measured Time Diff,Temperature,Derived k_B,Derived k_B Error
1.5561033739999999,1.7,0.004803,295.5,1.4043605527782885,0.0067795367951626875
2.5636393459999995,1.7,0.004808,295.5,1.4014381326119039,0.00676514571623768
3.571279853,1.7,0.004808,295.5,1.4014381326119039,0.00676514571623768
