Time,Exp Distance,Measured Time Diff,Temperature,Derived k_B,Derived k_B Error
1.555061147,1.7,0.004822,295.56,1.3930208176802972,0.006723249536744995
2.5626635240000004,1.7,0.0048,295.54999999999995,1.4058805085395456,0.0067866426248199534
3.574174912,1.7,0.0048059999999999995,295.56,1.4023212708936954,0.006769040441753753
4.581865821,1.7,0.0048059999999999995,295.56,1.4023212708936954,0.006769040441753753
