Time,Exp Distance,Measured Time Diff,Temperature,Derived k_B,Derived k_B Error
3.250761659,1.7,0.004823,295.53999999999996,1.3925368411541006,0.006721017233049484
4.257994276,1.7,0.004804999999999999,295.54999999999995,1.4029531035947358,0.006772227304197454
5.265707494,1.7,0.004856,295.53999999999996,1.373654669918864,0.006628077321982273
6.2732552319999995,1.7,0.004809,295.53,1.4007125378511758,0.0067613459442983186
7.281189155,1.7,0.004803,295.53999999999996,1.4041704789401919,0.00677829764516318
