Time,Exp Distance,Measured Time Diff,Temperature,Derived k_B,Derived k_B Error
1.555194046,1.7,0.004823,295.56,1.3924426107547803,0.006720403024278603
2.5628260940000005,1.7,0.004823,295.56,1.3924426107547803,0.006720403024278603
3.574343951,1.7,0.004833,295.57,1.3866333518929532,0.006691731137798552
4.581897959000001,1.7,0.00483,295.56,1.3884052128438915,0.0067005278865796564
5.589487431,1.7,0.004808,295.56,1.401153634412023,0.006763291074733704
