Time,Exp Distance,Measured Time Diff,Temperature,Derived k_B,Derived k_B Error
3.2521770089999995,1.7,0.004823,295.5,1.3927253402188928,0.006722245964764265
4.25951962,1.7,0.004804999999999999,295.5,1.4031904899066805,0.006773774866028866
5.267094736,1.7,0.004804999999999999,295.51,1.4031430062178065,0.006773465300893684
6.274699018000001,1.7,0.004824999999999999,295.51,1.3915226796703684,0.006716249837454816
7.282599814,1.7,0.0048,295.51,1.4060708074138362,0.006787883243215738
8.290180994,1.7,0.0048,295.51,1.4060708074138362,0.006787883243215738
9.297825416999999,1.7,0.004824999999999999,295.51,1.3915226796703684,0.006716249837454816
10.309329206000001,1.7,0.004801,295.5,1.4055320782284018,0.0067853060689107274
