Time,Exp Distance,Measured Time Diff,Temperature,Derived k_B,Derived k_B Error
3.252050284,1.7,0.004801,295.53999999999996,1.4053418458296432,0.006784065869810315
4.259516089,1.7,0.004807,295.53999999999996,1.4018321298696987,0.00676678321327008
5.267091594,1.7,0.00483,295.53999999999996,1.3884991700214544,0.006701140288104031
6.274739255,1.7,0.004856,295.53999999999996,1.373654669918864,0.006628077321982273
7.282658340999999,1.7,0.0048,295.53999999999996,1.4059280784288515,0.006786952739765143
8.290014231,1.7,0.00485,295.53,1.3771057406779514,0.006645135406632257
9.297838642,1.7,0.004823,295.53999999999996,1.3925368411541006,0.006721017233049484
10.305603691,1.7,0.004802,295.53999999999996,1.4047559794350728,0.006781180838796647
