Time,Exp Distance,Measured Time Diff,Temperature,Derived k_B,Derived k_B Error,Pressure
1.5765961939999995,1.68,0.004787,295.59,1.3802495570683024,0.006711654392323853,101131.7
2.583842592,1.68,0.004804,295.59,1.3704878315007585,0.006663241355445106,101131
3.609041028,1.68,0.004804999999999999,295.59,1.3699168368415564,0.006660409834513053,101133
4.615580563,1.68,0.004778999999999999,295.59,1.3848793981232796,0.0067346195029235134,101135.5
5.619957648,1.68,0.0047799999999999995,295.58,1.3843462297808211,0.006732049402452717,101135.7
6.626926563,1.68,0.0047799999999999995,295.58,1.3843462297808211,0.006732049402452717,101132.9
7.638509894,1.68,0.004778999999999999,295.58,1.3849262510699651,0.006734926603093931,101132.7
8.650181194,1.68,0.004785,295.58,1.3814515759908101,0.006717690978802924,101131.9
