Time,Exp Distance,Measured Time Diff,Temperature,Derived k_B,Derived k_B Error
1.5578872569999997,1.7,0.004801,295.51,1.4054845153006421,0.006784995979490508
2.565496791,1.7,0.004824,295.51,1.3921002655160435,0.0067190933881558544
3.5730915000000003,1.7,0.004856,295.5,1.373840613021391,0.006629289148189186
4.580748403,1.7,0.0048059999999999995,295.5,1.4026060061771257,0.006770896651798492
5.588363893,1.7,0.0048059999999999995,295.5,1.4026060061771257,0.006770896651798492
6.595679121000001,1.7,0.0048,295.5,1.4061183901822765,0.0067881934639150675
7.603290126,1.7,0.004822,295.51,1.393256515426174,0.006724785902180262
