Time,Exp Distance,Measured Time Diff,Temperature,Derived k_B,Derived k_B Error
1.557123823,1.7,0.004824,295.51,1.3921002655160435,0.0067190933881558544
2.564767371,1.7,0.004801,295.53,1.4053893991015896,0.006784375879943539
3.5723352370000003,1.7,0.004807,295.53,1.401879564381588,0.006767092437673956
4.579859536000001,1.7,0.0048319999999999995,295.52,1.3874426635836445,0.006696089323734262
5.587523415,1.7,0.004801,295.52,1.4054369555918136,0.006784685916502524
6.595183656,1.7,0.004822,295.53999999999996,1.3931150872084617,0.006723864004346056
