Time,Exp Distance,Measured Time Diff,Temperature,Derived k_B,Derived k_B Error
3.250641858,1.7,0.004821,295.59,1.3934579453551967,0.0067251759621128485
4.258214775000001,1.7,0.0048059999999999995,295.59,1.4021789465994812,0.0067681126926405905
5.265550200000002,1.7,0.004827,295.59,1.3899922881942148,0.00670811544066579
6.2731671769999995,1.7,0.004828,295.59,1.3894159345133512,0.006705278323986782
7.285022376999999,1.7,0.004822,295.58,1.3929265609093604,0.006722635173878081
8.292475598000001,1.7,0.004798,295.58,1.406911224402617,0.006791490650798014
