Time,Exp Distance,Measured Time Diff,Temperature,Derived k_B,Derived k_B Error
1.5582935379999998,1.7,0.0048,295.48999999999995,1.406165976171318,0.006788503711061031
2.565712683,1.7,0.004801,295.48999999999995,1.4055796443754198,0.006785616184766419
3.5735234249999994,1.7,0.00483,295.47999999999996,1.3887811178697056,0.0067029781192310504
4.581556185999999,1.7,0.004808,295.48999999999995,1.4014855602112344,0.0067654549153876595
5.588760303,1.7,0.004802,295.47999999999996,1.4050412283817564,0.006783040508905181
6.596401982,1.7,0.004824,295.47999999999996,1.3922416050583661,0.006720014745177669
7.603997683999999,1.7,0.004823,295.47999999999996,1.3928196088895457,0.006722860487759466
8.61143667,1.7,0.004801,295.47999999999996,1.4056272137420223,0.006785926327060816
