Time,Exp Distance,Measured Time Diff,Temperature,Derived k_B,Derived k_B Error
3.252222677,1.7,0.004801,295.47999999999996,1.4056272137420223,0.006785926327060816
4.259700275,1.7,0.00483,295.47999999999996,1.3887811178697056,0.0067029781192310504
5.267331695,1.7,0.004829,295.47999999999996,1.3893569701015855,0.006705813060974715
6.274911510999999,1.7,0.0048059999999999995,295.47999999999996,1.40270094363524,0.00677151559948393
7.282514239999999,1.7,0.0048,295.47999999999996,1.406213565381287,0.006788813984656857
