Time,Exp Distance,Measured Time Diff,Temperature,Derived k_B,Derived k_B Error,Pressure
7.057014721999999,1.7080000000000002,0.004892,294.65,1.369769181551398,0.007390981823112591,101135
8.061460116,1.7080000000000002,0.004892,294.7125,1.3694796266607674,0.00738929623831111,101135
9.490724364999998,1.7080000000000002,0.004921,294.65,1.3536722618697878,0.007287819372457231,101133
10.872209321,1.7080000000000002,0.004913,294.7125,1.3577972246700696,0.0073143978213763405,101133
12.395991114000001,1.7080000000000002,0.004914,294.65,1.3575317111550838,0.007312527344568229,101135
13.730899302999998,1.7080000000000002,0.004914,294.65,1.3575316248598672,0.007312526879727426,101133
