Time,Exp Distance,Measured Time Diff,Temperature,Derived k_B,Derived k_B Error,Pressure
4.281672048999999,0.8,0.002225,296.525,1.498056663501895,0.016727198295803495,101305
5.6569892710000005,0.8,0.002247,296.525,1.4688658249072382,0.01633661979725341,101305
7.034667365000001,0.8,0.002224,296.4625,1.4997202428786647,0.016748937708185235,101305
8.412100775999999,0.8,0.002222,296.4625,1.5024212243088755,0.016785182930583398,101303
