Time,Exp Distance,Measured Time Diff,Temperature,Derived k_B,Derived k_B Error,Pressure
6.94111775,0.8,0.00217,296.525,1.5172006111680094,0.01711378704099124,101317
8.376365693,0.8,0.002169,296.525,1.5185999199304436,0.017132797469971813,101317
9.700162487,0.8,0.002169,296.4625,1.5189200700168646,0.01713654438097295,101317
11.077774558,0.8,0.002168,296.525,1.520001165452273,0.017151838678688705,101317
12.459029871,0.8,0.002168,296.525,1.5200012173842887,0.017151839264694543,101318
13.841608944,0.8,0.002167,296.4625,1.5217250926238517,0.017174665927517763,101317
15.240805642000002,0.8,0.002168,296.525,1.520001165452273,0.017151838678688705,101317
16.599228516,0.8,0.002168,296.525,1.5200010615851698,0.01715183750664237,101315
